Dup,intermediate-Field,ID,Region,Location,Latitude,Longitude,GT,Type,Geomorphic setting,Reference,CORE,Pre environment,Mangrove community,Post environment,,,beg2,beg3,beg1,beg4,,,,Radiocarbon end (+-),,Cal 1 sigma BC,,end1,end4,Radiocarbon Begin date (+-),,Cal 1 sigma (BC),,b_acc_rate1,b_acc_rate2,Radiocarbon Rate End date,,Cal 1 sigma (BC),,e_acc_rate1,e_acc_rate2,Mid point 1 sigma,Mid-point 1 sigma,Depth between date points,Rate (mm yr-1),Ocean
0,0,1,Northern Australia ,"South Alligator River, Northern Territory",-12.3,132.42,4.36,macrotidal,Tidal estuary,56,SAH32,transgressive mangrove over terrestrial,Rhizophora,Channelised riverine,7950,150,8998,8610,9244,8430,814,,,4620,240,5588,4978,5899,4646,6800,150,7795,7512,7935,7431,5800,120,6739,6467,6887,6321,7653.5,6603,5.2,4.95,Pacific
0,0,2,Northern Australia ,"South Alligator River, Northern Territory",-12.3,132.42,4.36,macrotidal,Tidal estuary,56, SAH120,transgressive mangrove over terrestrial,Rhizophora,Channelised riverine,7950,150,8998,8610,9244,8430,814,,,4550,190,5468,4967,5657,4651,6870,150,7849,7584,7974,7467,5870,110,6847,6555,6968,6416,7716.5,6701,2.5,2.46,Pacific
0,0,3,Northern Australia ,"Mulgrave River, Queensland ",-17,146,1.68,microtidal,Tidal estuary,50,DD1,Suptidal muds, Rhizophora -Ceriops/Bruguiera,Rainforest and Myrtaceae swamp forest,7050,130,7947,7709,8052,7587,465,,,6110,130,7157,6760,7261,6640,7050,130,7947,7709,8052,7587,6660,100,7578,7432,7666,7325,7828,7505,2.1,6.5,Pacific
0,0,4,Northern Australia ,"Russel River, Queensland ",-17.23,146,1.72,microtidal,Tidal estuary,51,DM1,Suptidal muds,"Rhizophora, Bruguiera"," saltmarsh, then freshwater swamp",7140,120,8047,7766,8165,7689,476,,,2640,70,2848,2723,2925,2494,7140,120,8047,7766,8165,7689,2640,70,2848,2723,2925,2494,7906.5,2785.5,3.8,0.74,Pacific
0,0,5,Northern Australia ,"Magnetic Island, Queensland",-19.15,146.8,2.22,mesotidal,Marine embayment,54,Core 15,Bedrock,"Rhizophora, Bruguiera",high intertidal mangrove,7230,550,8627,7489,9404,6997,2407,,,0,0,0,0,0,0,7230,550,8627,7489,9404,6997,present,,0,0,0,0,8058,0,3.1,0.38,Pacific
0,0,6,Northern Australia ,Hinchinbrook Island,-18,146,2,microtidal,Marine embayment,"47,46",N/A,Unknown,Rhizophora,Mangrove- Rhizophora,7130,130,8155,7795,8303,7667,636,,,0,0,0,0,0,0,7130,130,8155,7795,8303,7667,4680,135,5591,5089,5661,4970,7975,5340,4.5,1.71,Pacific
1,0,7,Northern Australia ,Hinchinbrook Island,-18,146,2,microtidal,Marine embayment,"47,46",N/A,Unknown,Rhizophora,Mangrove- Rhizophora,7130,130,8155,7795,8303,7667,636,,,0,0,0,0,0,0,4680,135,5591,5089,5661,4970,present,,-69,0,0,0,5340,0,1.5,0.28,Pacific
0,0,8,Northern Australia ,"Cleveland Bay, Queensland",-19,146.92,2.12,mesotidal,Marine embayment,48," V2, Table 4",Subtidal muds and sands,Unknown,transgressive beach sand,7820,280,9016,8375,9414,8060,1354,,,7520,260,8581,8034,8995,7847,7820,280,9016,8375,9414,8060,7520,260,8581,8034,8995,7847,8695.5,8307.5,1.7,4.38,Pacific
0,0,9,Northern Australia ,"Richmond River, NSW",-29,150.5,1.35,microtidal,Barrier estuary,52,sample 9,Pleistocene clay,"Rhizophora, Bruguiera, Avicennia","Casuarina, Melaleuca",6990,130,7935,7703,8037,7582,455,,,6096,59,7155,6864,7161,6799,6990,130,7935,7703,8037,7582,6096,59,7155,6864,7161,6799,7819,7009.5,2.5,3.09,Pacific
0,0,10,Pacific Islands,"Tongatapu, Tonga",-21.15,-175.15,1.07,microtidal,Calcareous,58,SFU Folaha 1,Coral Reef,Rhizophora,Grading to lagoon silt,6870,90,7787,7616,7826,7571,255,,,5650,80,6500,6319,6633,6298,6870,90,7787,7616,7826,7571,5650,80,6500,6319,6633,6298,7701.5,6409.5,1,0.77,Pacific
0,0,11,Pacific Islands,"Kosrae, Micronesia",5.32,162.93,1.19,microtidal,Calcareous,59,transect B/6,Coral Reef,Rhizophora,Mangrove to present,4070,120,4812,4425,4854,4241,613,,,740,80,744,564,898,545,4070,120,4812,4425,4854,4241,740,80,744,564,898,545,4618.5,654,3.9,0.98,Pacific
0,0,12,Pacific Islands,"Pohnpei, Miccronesia",6.85,158.3,0.94,microtidal,Calcareous,60,B1,Coral Reef,Rhizophora apiculata,Mangrove to present,1800,95,1859,1611,1946,1726,220,,,0,0,0,0,0,0,1800,95,1859,1611,1946,1726,present,,0,0,0,0,1735,0,2.12,1.22,Pacific
0,0,13,Pacific Islands,"Kosrae, Micronesia",5.32,162.93,1.19,microtidal,Calcareous,61,Yewal Y,Coral Reef,Rhizophora,Freshwater marsh ,3960,100,4567,4242,4812,4096,716,,,2280,130,2488,2116,2711,1998,3960,100,4567,4242,4812,4096,2280,130,2488,2116,2711,1998,4404.5,2302,3.1,1.47,Pacific
0,0,14,SE Asia,"Tipoeka Estuary, Iryan Jaya",-4.93,136.8,1.85,microtidal,Tidal estuary,64,Core 2,Rainforest,"Rhizophora, Bruguiera",Still Rhizophora,6510,170,7568,7271,7685,7009,676,,,0,0,0,0,0,0,6510,170,7568,7271,7685,7009,present,,0,0,0,0,7419.5,0,4,0.54,Pacific
0,0,15,SE Asia,"Tipoeka Estuary, Iryan Jaya",-4.93,136.8,1.85,microtidal,Tidal estuary,64,Core 1,Freshwater wetland,Rhizophora,Still Rhizophora,5320,70,6172,5766,6181,5749,432,,,0,0,0,0,0,0,5320,70,6172,5766,6181,5749,3130,50,3365,3233,3444,3160,5969,3299,2,0.75,Pacific
0,0,16,SE Asia,"Ajkwa Estuary, Iryan Jaya",4.87,136.97,1.25,microtidal,Tidal estuary,64,Core 4,Freshwater wetland,"Rhizophora, Bruguiera",Still Rhizophora,2610,170,2791,2379,3074,2180,894,,,0,0,0,0,0,0,2610,170,2791,2379,3074,2180,0,0,0,0,0,0,2585,0,1.95,0.75,Indian
0,0,17,SE Asia,"Ajkwa Estuary, Iryan Jaya",4.87,136.97,1.25,microtidal,Tidal estuary,64,Core 5,Freshwater wetland,"Rhizophora, Bruguiera",Still Rhizophora,2370,140,2692,2157,2742,2024,718,,,0,0,0,0,0,0,2370,140,2692,2157,2742,2024,0,0,0,0,0,0,2424.5,0,1.95,0.8,Indian
0,0,18,SE Asia,"Batulicin, Indonesia",3.32,116.05,2.31,mesotidal,Marine embayment,77,Batuicin,Subtidal muds ,"Rhizophoraceae, Avicennia, Sonneratia",Mangrove to present,5140,180,5662,6113,6296,5486,810,,,0,0,0,0,0,0,5140,180,5662,6113,5486,6296,0,0,0,0,0,0,5436.5,0,4.7,0.86,Indian
0,0,19,SE Asia,Pare Pare Indonesia,-3.97,119.62,1.08,microtidal,Marine embayment,77,B4,Subtidal muds ,"Rhizophoraceae, Avicennia, Sonneratia",Recessional then fluvial- terrestrial vegetation,9150,170,10397,10235,10498,10205,293,,,6800,6000,6600,6200,6400,,,,,,,,,,,,,,,,,1.6,
0,0,20,SE Asia,"Mendahara River, Indonesia",-0.95,103.67,1.68,microtidal,Riverine estuary,72,Core MI,Mangrove to base,Rhizophora,Mangrove to present,2317,13,2349,2341,2352,2333,19,,,0,0,0,0,0,0,2317,13,2349,2341,2352,2333,present,,0,0,0,0,2345,0,5,2.13,Indian
0,0,21,SE Asia,"Mendaram, Indonesia-Brunei ",4.33,114.33,0.98,microtidal,Barrier estuary,44,Core MDM11-2A,Marine clay,"Acrostichum, Nypa, R. stylosa",Rainforest,2655,35,2783,2748,2845,2743,102,,,2315,40,2359,2213,2456,2161,2655,35,2783,2748,2845,2743,2315,40,2359,2213,2456,2161,2765.5,2286,1.1,2.29,Indian
0,0,22,SE Asia,"Panigati, Bangladesh",24.17,89.55,2.04,mesotidal,Riverine estuary,68,Core P-208W,Subtidal fluvial,"Excoecaria, Heritiera, Sonneratia",Saltmarsh,5980,60,6890,6744,6955,6671,284,,,1210,80,1257,1058,1284,973,5980,60,6890,6744,6955,6671,5210,60,6171,5908,6182,5769,6817,6039.5,1.25,1.61,Pacific
0,0,23,SE Asia,"Sony, Bangladesh",23.83,90.5,2.04,mesotidal,Riverine estuary,71,Sony ,Subtidal sands,"Rhizophora, Sonneratia, Avicennia",Freshwater peat,N.D.,,6601,6341,6731,6211,520,,,N.D.,,4582,4322,0,0,not provided,,5482,5342,,,not provided,,4582,4322,,,5412,4452,1.9,1.98,Pacific
0,0,24,SE Asia,"Koltata, India",22.53,88.33,3.97,mesotidal,Riverine estuary,63,Garia,Saltmarsh,"Heritiera, Bruguiera, Aegiceras Graminae ",Freshwater marsh ,7000,170,7972,7674,8174,7525,649,,,2600,150,2857,2468,3060,2340,7000,170,7972,7674,8174,7525,6500,130,7486,7253,7115,7027,7823,7369.5,0.9,1.96,Pacific
0,0,25,SE Asia,"Koltata, India",22.53,88.33,4.97,macrotidal,Riverine estuary,63,Garia,Saltmarsh,"Heritiera, Bruguiera, Aegiceras Graminae ",Freshwater marsh ,7000,170,7972,7674,8174,7525,649,,,2600,150,2857,2468,3060,2340,6450,130,7164,6796,7026,7583,6100,150,2857,2468,3060,2340,6980,2662.5,0.7,1.95,Pacific
0,0,26,SE Asia,"Konkan Coast (Mumbai), India",16.13,73.47,1.67,microtidal,Marine embayment,69,Hadi trench,Mangrove,"Rhizophora, Avicennia",Fluvial silts,7220,110,8165,7958,8312,7838,474,,,3460,100,3846,3594,3977,3478,7220,110,8165,7958,8312,7838,3460,100,3846,3594,3977,3478,8061.5,3720,5,1.15,Pacific
0,0,27,SE Asia,"Pakhiralaya, Western Ganges Delta, India",22.13,88.83,4.57,macrotidal,Riverine estuary,66,N/A,Fluvial silts including mangrove pollen,"Sonneratia, Rhizophora",Subtidal sands,8800,135,10146,9662,10187,9547,640,,,8259,60,9396,9131,9427,9033,8800,135,10146,9662,10187,9547,8259,60,9396,9131,9427,9033,9904,9230,8.85,12.6,Indian
0,0,28,SE Asia,"Pakhiralaya, Western Ganges Delta, India",22.13,88.83,4.57,macrotidal,Riverine estuary,66,,Subtidal sands,"Sonneratia, Rhizophora",Fluvial silts,8800,135,10146,9662,10187,9547,640,,,7150,70,8028,7872,8159,7841,7530,100,8414,8205,8545,8072,7150,70,8028,7872,8159,7841,8309.5,8000,1.15,3.7,
0,0,29,SE Asia,"Mekong River Delta, Cambodia",11.03,104.9,0.51,microtidal,Riverine estuary,"70, 74",Core PK,Subtidal fluvial,Sonneratia ,Freshwater wetland and forest,7330,40,8184,8051,8283,8022,261,,,5930,40,6731,6654,8758,8605,7330,40,8184,8051,8283,8022,6690,40,7593,7512,7623,7479,8117.5,7552.5,3,5.31,Pacific
1,0,30,SE Asia,"Mekong River Delta, Cambodia",11.03,104.9,0.51,microtidal,Riverine estuary,"70,74",Core PK,Subtidal fluvial,Sonneratia ,Freshwater wetland and forest,7330,40,8184,8051,8283,8022,261,,,5930,40,6731,6654,8758,8605,6690,40,7593,7512,7623,7479,5930,40,6793,6679,6878,6665,7552.5,6736,1.8,2.2,Pacific
0,0,31,SE Asia,"Mekong River Delta, Cambodia",11.48,105.05,0.51,microtidal,Riverine estuary,"70,74",Core PSG,Subtidal fluvial,Sonneratia ,Freshwater wetland and forest,7450,40,8333,8206,8359,8187,172,,,5500,40,6793,6679,6878,6665,7450,40,8333,8206,8359,8187,6560,40,7489,7430,7518,7423,8269.5,7459.5,5.3,6.54,Pacific
0,0,32,SE Asia,"Mekong River Delta, Cambodia",10.85,105.08,0.51,microtidal,Riverine estuary,74,Core KS,Subtidal fluvial,Sonneratia ,Freshwater wetland and forest,7150,40,8003,7949,8030,7873,157,,,6250,40,7252,7161,7265,7021,7150,40,8003,7949,8030,7873,6250,40,7252,7161,7265,7021,7976,7206.5,3.5,4.55,Pacific
0,0,33,SE Asia,"Gia Loc, Song Da Bach (Red River), Vietnam",20.8,106.45,2.67,mesotidal,Riverine estuary,"76,75",Gai Loc (Table 2),Subtidal sands,Mangrove peat,River delta,7190,90,8156,7938,8188,7838,350,,,4145,50,4819,4585,4829,4531,7150,90,8147,7854,8170,7796,5960,60,6883,6732,6942,6666,8000.5,6807.5,4,3.35,Pacific
1,0,34,SE Asia,"Gia Loc, Song Da Bach (Red River), Vietnam",20.8,106.45,2.67,mesotidal,Riverine estuary,"76,75",Gai Loc (Table 2),Subtidal sands,Mangrove peat,River delta,7190,90,8156,7938,8188,7838,350,,,4145,50,4819,4585,4829,4531,5960,60,6883,6732,6942,6666,4105,50,4806,4529,4823,4448,6807.5,4667.5,3,1.4,Pacific
0,0,35,SE Asia,"Pho Noi, Red River Delta Vietnam",20.88,106.22,2.67,mesotidal,Riverine estuary,"76,75",Pho Noi (Table2),Subtidal sands,Mangrove peat,River delta,6360,75,7417,7185,7434,7033,401,,,6000,50,6900,6756,6974,6720,6360,75,7417,7185,7434,7033,6000,50,6900,6756,6974,6720,7301,6828,1.5,3.17,Pacific
0,0,36,SE Asia,"Lower Central Plain, Thailand",13.62,101.1,1.72,microtidal,Riverine estuary,73,Senanivate,Subtidal sands,"Rhizophora, Bruguiera",Floodplain vegetation,7800,35,8603,8547,8643,8463,180,,,4600,35,5446,5296,5462,5073,7800,35,8603,8547,8643,8463,7500,30,8379,8317,8388,8208,8575,8348,1.7,7.49,Pacific
1,0,37,SE Asia,"Lower Central Plain, Thailand",13.62,101.1,1.72,microtidal,Riverine estuary,73,Senanivate,Subtidal sands,"Rhizophora, Bruguiera",Floodplain vegetation,7800,35,8603,8547,8643,8463,180,,,4600,35,5446,5296,5462,5073,7500,30,8379,8317,8388,8208,4600,35,5446,5296,5462,5073,8348,5371,5.3,1.78,Pacific
0,0,38,SE Asia,"Grant Songkla Lakes, Thailand",7.22,100.45,0.48,microtidal,Barrier estuary,67,Core TN3,Freshwater,Rhizophora,Freshwater Swamp,7535,55,8409,8317,8421,8204,217,,,6980,50,7922,7750,7932,7696,7535,55,8409,8317,8421,8204,6980,50,7922,7750,7932,7696,8363,7836,3.71,7.04,Indian
0,0,39,SE Asia,"Malacca, Malaysia",2.42,101.93,1.96,microtidal,Barrier estuary,65,2° 25N; 101° 56E,Marine sands,Mangrove,Freshwater swamp,7560,135,8510,8200,8602,8047,555,,,7175,70,8151,7885,8168,7862,7560,135,8510,8200,8602,8047,7175,70,8151,7885,8168,7862,8355,8018,2.475,7.34,Indian
0,0,40,SE Asia,"Sungeh Buloh, Singapore",1.43,103.72,1.63,microtidal,Marine embayment,62,Core KCD,Subtidal sands,Mangrove,Supratidal,6750,80,7675,7523,7746,7465,281,,,6190,70,7175,6979,7260,6913,6750,80,7675,7523,7746,7465,6190,70,7175,6979,7260,6913,7599,7077,2.63,5.04,Indian
0,0,41,SE Asia,"Kim Chuan Depot, Singapore",1.3,103.85,1.33,microtidal,Marine embayment,62,Core SBU,Subtidal sands,Mangrove,Supratidal,6820,188,7850,7509,8013,7330,683,,,6398,190,7507,7030,7622,6806,6820,188,7850,7509,8013,7330,6398,190,7507,7030,7622,6806,7679.5,7268.5,2.53,6.16,Indian
0,0,42,Africa,"Makoba Bay, Zanzibar",-5.9,39.2,2.74,mesotidal,Marine embayment,81,AMAK 1,Mangrove at base,Rhizophora mucronata,Mangrove to present,7092,38,7964,7870,7996,7843,153,,,0,,0,0,0,0,5078,26,5754,5898,5906,5748,1083,36,955,1051,932,1058,5826,1003,1.1,0.23,Atlantic
0,0,43,Africa,"Makoba Bay, Zanzibar",-5.9,39.2,2.74,mesotidal,Marine embayment,81,BMAK 1,Mangrove at base,Rhizophora mucronata,Mangrove to present,7092,38,7964,7870,7996,7843,153,,,0,,0,0,0,0,7092,38,7964,7870,7996,7843,6878,36,7743,7670,7793,7625,7917,7706.5,0.76,3.61,Atlantic
0,0,44,Africa,"Unguja Ukuu Bay, Zanzibar",-6.33,39.4,2.67,mesotidal,Marine embayment,79,Core C-UU-4,Mangrove at base,Rhizophora mucronata,Mangrove to present,5973,36,6855,6749,6907,6694,213,,,0,,0,0,0,0,5973,36,6855,6749,6907,6694,560,19,623,538,632,530,6802,580.5,2.5,0.4,Atlantic
0,0,45,Africa,"Porto-Novo, Benin, Africa",6.08,2.08,1.21,microtidal,Barrier estuary,80,Goho core,Supratidal mud,"Rhizophora, Acrostichum",Poaceae and Cyperaceae,7529,66,8408,8306,8426,8191,235,,,920,44,908,844,924,744,6688,61,7609,7507,7664,7461,6004,61,6929,6756,6995,6679,7558,6842.5,4.7,6.57,Atlantic
0,0,46,Middle East,"Ja'alan coast, Oman",22.02,59.63,1.77,microtidal,Barrier estuary,78,N/A,Subtidal sands,Avicennia,,6410,40,7417,7307,7421,7272,149,,,5535,40,6395,6292,6404,6283,6410,40,7417,7307,7421,7272,5535,40,6395,6292,6404,6283,7362,6343.5,0.55,0.54,Atlantic
0,0,47,South America,Marajo (Amazon mouth),-5.77,-35.2,1.77,microtidal,Riverine estuary,88,R5,River muds,"Rhizophora, Avicennia",Freshwater lagoonal,6660,30,7574,7511,7584,7484,100,,,1920,30,1893,1826,1947,1746,6600,35,7574,7511,7584,7484,5730,30,6564,6470,6633,6446,7542.5,6517,1.7,1.66,Atlantic
0,0,48,South America,"Sao Caetano, Braganca, Brazil",-1.05,-48.97,3.63,mesotidal,Marine embayment,"85,82",Core SC,Subtidal muds and sands,"Rhizophora, Avicennia",Saltmarsh,6655,35,7573,7509,7586,7471,115,,,1181,44,1177,1059,1237,977,6655,35,7573,7509,7586,7471,5842,41,6731,6572,6749,6510,7541,6651.5,3.1,3.49,Atlantic
1,0,49,South America,"Sao Caetano, Braganca, Brazil",-0.72,-48.02,2.82,mesotidal,Marine embayment,"85,82",Core SC,Subtidal muds and sands,"Rhizophora, Avicennia",Saltmarsh,6655,35,7573,7509,7586,7471,115,,,1181,44,1177,1059,1237,977,5842,41,6731,6572,6749,6510,1181,44,1177,1059,1237,977,6651.5,1118,1.95,0.35,Atlantic
0,0,50,South America,"Sao Caetano, Braganca, Brazil",-0.72,-48.02,2.82,mesotidal,Marine embayment,121,PC1,Fluvial silts ,"Rhizophora, Avicennia",Mangrove to present,2088,39,2113,2004,2152,1950,202,,,0,,0,0,0,0,2088,39,2113,2004,2152,1950,0,,0,0,0,0,2058.5,0,5,2.43,Atlantic
0,0,51,South America,"Braganca Peninsula, Brazil",-0.72,-48.02,2.82,mesotidal,Marine embayment,86,Core CS,Subtidal muds and sands,"Rhizophora, Avicennia",Mangrove to present,5115,35,5918,5762,5930,5750,180,,,0,0,0,0,0,0,5115,35,5918,5762,5930,5750,437,25,524,507,536,500,5840,515.5,1.05,0.2,Atlantic
0,0,52,South America,Coastal plain between Doce and Sae Mateus,-0.9,-46.67,4.69,macrotidal,Barrier estuary,88,Core LI32,Foreshore,"Rhizophora, Avicennia",Freshwater lagoonal,7186,54,8039,7837,8161,7885,276,,,6237,66,7253,7028,7279,6957,7186,54,8039,7837,8161,7885,6237,66,7253,7028,7279,6957,7938,7140.5,4.2,5.27,Atlantic
0,0,53,South America,"Jucurucu River, Southern Bahia, Brazil",-19.13,-39.77,1.49,microtidal,Barrier estuary,87,core PR07,Sutidal sands,"Rhizophora, Languncularia, Avicennia",Floodplain vegetation,6536,38,7475,7425,7560,7335,225,,,4760,20,5582,5475,5585,5470,6536,38,7475,7425,7560,7335,5550,25,6307,6285,6394,6219,7450,6296,2.4,2.08,Atlantic
0,0,54,South America,Taperebal Brazil,-17.17,-39.42,1.73,microtidal,Marine embayment,94,Taperebal,Subtidal sands,Avicennia - Rhizophora,Mangrove to present,6415,43,7418,7312,7423,7272,151,,,0,,0,0,0,0,6415,43,7418,7312,7423,7272,5946,44,6848,6699,6885,6673,7365,6773.5,1.8,3.04,Atlantic
1,0,55,South America,Taperebal Brazil,3.67,-51.2,3.21,mesotidal,Marine embayment,94,Taperebal,Subtidal sands,Rhizophora,Mangrove to present,6415,43,7418,7312,7423,7272,151,,,0,,0,0,0,0,5946,44,6848,6699,6885,6673,0,,0,0,0,0,6773.5,0,1.15,0.17,Atlantic
0,0,56,South America,"Amapa, Amazon mouth, Brazil",3.67,-51.2,3.21,mesotidal,Riverine estuary,90,Core MAC,Commences with mangrove,Rhizophora,"Replaced by recessive sequence ""Varzea""",4790,30,5588,5482,5594,5471,123,,,4470,30,5278,5042,5288,4976,4790,30,5588,5482,5594,5471,4470,30,5278,5042,5288,4976,5535,5160,0.6,1.6,Atlantic
0,0,57,South America,"Boca de Camarones, Colombia",2.5,-50,4.42,macrotidal,Barrier estuary,93,Core TAP,Preceeded by saltmash,Rhizophora ,Replaced by saltmarsh ,6415,43,7418,7311,7426,7266,160,,,0,,0,0,0,0,6415,43,7418,7311,7426,7266,5946,44,6848,6699,6885,6673,7364.5,6773.5,1.7,2.88,Caribbean
0,0,58,South America,Suriname- Ricanau,11.42,-73.08,0.29,microtidal,Marine embayment,91,Ricanau I,Pleistocene clay,Rhizophora ,Recessional-forested,6845,50,7715,7618,7787,7593,194,,,5810,60,6675,6511,6747,6456,6845,50,7715,7618,7787,7593,6090,70,7155,6806,7165,6786,7666.5,6980.5,2.66,3.88,Caribbean
0,0,59,South America,Suriname- Meursweg,5.72,-54.32,2.06,mesotidal,Marine embayment,91,Meursweg 1,Pleistocene clay,Rhizophora ,Recessional-forested,7140,60,8015,7879,8154,7839,315,,,560,35,630,533,646,519,7140,60,8015,7879,8154,7839,6360,70,7417,7247,7425,7167,7947,7332,1.69,2.75,Caribbean
1,0,60,South America,Suriname- Meursweg,5.65,-55.08,2.18,mesotidal,Marine embayment,91,Meursweg 1,Pleistocene clay,Rhizophora ,Recessional-forested,7140,60,8015,7879,8154,7839,315,,,560,35,630,533,646,519,6360,70,7417,7247,7425,7167,4190,60,4837,4629,4854,4537,7332,4733,3.36,1.29,Caribbean
0,0,61,South America,Suriname- Coppername West,5.62,-55.98,2.18,mesotidal,Marine embayment,91,Coppername West 1,Pleistocene clay,Rhizophora ,Recessional-forested,7040,80,7950,7795,7998,7698,300,,,6650,70,7581,7476,7652,7428,7040,80,7950,7795,7998,7698,6680,110,7652,7462,7749,7332,7872.5,7557,1.38,4.37,Caribbean
0,1,62,Caribbean,"Twin Cay, Belize",16.82,-88.1,0.17,microtidal,Calcareous,117,Core TCC1,Coral Reef,Rhizophora mangle,Recessional Mysine vegetation,6990,55,7926,7760,7936,7701,235,,,0,0,0,0,0,0,6990,55,7926,7760,7936,7701,5900,50,6780,6667,6881,6570,7843,6723.5,4.01,3.58,Caribbean
1,1,63,Caribbean,"Twin Cay, Belize",16.82,-88.1,0.17,microtidal,Calcareous,117,Core TCC1,Coral Reef,Rhizophora mangle,Recessional Mysine vegetation,6990,55,7926,7760,7936,7701,235,,,0,0,0,0,0,0,5900,50,6780,6667,6881,6570,3700,30,4087,3986,4148,3931,6723.5,4036.5,2.77,1.03,Caribbean
0,1,64,Caribbean,"Twin Cay, Belize",16.82,-88.1,0.17,microtidal,Calcareous,118,CORE TCC2,Coral Reef,Rhizophora mangle,Mangrove to present,7040,45,7935,7843,7963,7764,199,,,0,,0,0,0,0,7040,45,7935,7843,7963,7764,6320,35,7279,7177,7315,7170,7889,7228,2.47,3.74,Caribbean
0,1,65,Caribbean,"Twin Cay, Belize",16.82,-88.1,0.17,microtidal,Calcareous,118,CORE TCC3,Coral Reef,Rhizophora mangle,Mangrove to present,7040,45,7935,7843,7963,7764,199,,,0,,0,0,0,0,5190,40,5989,5915,6172,5774,240,35,311,0,427,0,5952,155.5,2.5,0.43,Caribbean
1,1,66,Caribbean,"Twin Cay, Belize",16.82,-88.1,0.17,microtidal,Calcareous,118,Core TCC1,Coral Reef,Rhizophora mangle,Recessional Mysine vegetation,6990,55,7926,7760,7936,7701,235,,,0,0,0,0,0,0,3700,30,4087,3986,4148,3931,925,50,910,793,928,739,4036.5,851.5,1.49,0.47,Caribbean
0,1,67,Caribbean,"Twin Cay, Belize",16.82,-88.1,0.17,microtidal,Calcareous,16,Core TC-RUE,Coral Reef,Rhizophora mangle,Mangrove to present,6610,40,7565,7461,7572,7434,138,,,0,,0,0,0,0,6610,40,7565,7461,7572,7434,5980,40,6882,6753,6937,6722,7513,6817.5,1.8,2.59,Caribbean
0,1,68,Caribbean,"Twin Cay, Belize",16.82,-88.1,0.17,microtidal,Calcareous,16,Core TC-3,Coral Reef,Rhizophora mangle,Mangrove to present,6790,70,7680,7583,7787,7514,273,,,0,,0,0,0,0,6790,70,7680,7583,7787,7514,6250,40,7252,7161,7265,7021,7631.5,7206.5,1.6,3.76,Caribbean
0,1,69,Caribbean,"Twin Cay, Belize",16.82,-88.1,0.17,microtidal,Calcareous,16,Core TC-5,Coral Reef,Rhizophora mangle,Mangrove to present,6660,90,7596,7461,7678,7423,255,,,0,,0,0,0,0,6660,90,7596,7461,7678,7423,5990,40,6886,6759,6940,6737,7528.5,6822.5,3.5,4.96,Caribbean
0,1,70,Caribbean,"Twin Cay, Belize",16.82,-88.1,0.17,microtidal,Calcareous,104,Core 7,Coral Reef,Rhizophora mangle,Mangrove to present,6920,110,7919,7665,7952,7584,368,,,0,,0,0,0,0,6730,90,7670,7512,7732,7435,6310,90,7415,7158,7423,7007,7591,7286.5,2.36,7.75,Caribbean
1,1,71,Caribbean,"Twin Cay, Belize",16.82,-88.1,0.17,microtidal,Calcareous,104,Core 7,Coral Reef,Rhizophora mangle,Mangrove to present,6920,110,7919,7665,7952,7584,368,,,0,,0,0,0,0,6310,90,7415,7158,7423,7007,5870,100,6788,6567,6887,6492,7286.5,6677.5,3.05,5.01,Caribbean
0,1,72,Caribbean,"Twin Cay, Belize",16.82,-88.1,0.17,microtidal,Calcareous,104,Core 15,Coral Reef,Rhizophora mangle,Mangrove to present,6920,110,7919,7665,7952,7584,368,,,0,,0,0,0,0,6920,110,7919,7665,7952,7584,5670,80,6555,6324,6639,6306,7792,6439.5,2.34,1.73,Caribbean
1,1,73,Caribbean,"Twin Cay, Belize",16.82,-88.1,0.17,microtidal,Calcareous,104,Core 15,Coral Reef,Rhizophora mangle,Mangrove to present,6920,110,7919,7665,7952,7584,368,,,0,,0,0,0,0,5670,80,6555,6324,6639,6306,4270,80,4965,4652,5046,4538,6439.5,4808.5,3.07,1.88,Caribbean
0,1,74,Caribbean,"Spanish Lookout Cay, Belize",17.38,-88.07,0.17,microtidal,Calcareous,106,Core BT79,Mangrove to base,Rhizophora mangle,Mangrove to present,6910,50,7789,7686,7918,7657,261,,,0,,0,0,0,0,6910,50,7789,7686,7918,7657,6150,35,7157,6992,7161,6954,7737.5,7074.5,2,3.02,Caribbean
1,1,75,Caribbean,"Spanish Lookout Cay, Belize",17.38,-88.07,0.17,microtidal,Calcareous,106,Core BT79,Mangrove to base,Rhizophora mangle,Mangrove to present,6910,50,7789,7686,7918,7657,261,,,0,,0,0,0,0,6150,35,7157,6992,7161,6954,2090,35,2114,2005,2151,1952,7074.5,2059.5,2,0.4,Caribbean
1,1,76,Caribbean,"Spanish Lookout Cay, Belize",17.38,-88.07,0.17,microtidal,Calcareous,106,Core BT79,Mangrove to base,Rhizophora mangle,Mangrove to present,6910,50,7789,7686,7918,7657,261,,,0,,0,0,0,0,560,30,627,535,642,522,105,30,256,58,269,13,581,157,2.03,4.79,Caribbean
0,1,77,Caribbean,Sibun River Belize,17.52,-88.23,0.17,microtidal,Riverine estuary,107,Core SR 63,Mangrove to base,Rhizophora mangle,Mangrove to present,5920,not provided,6689.5,6634.5,6717,6607,-110,,,0,,0,0,0,0,5920,not provided,-69,-69,6607,6717,5070,,,,5683,5825,6662,5754,1.75,1.93,Caribbean
1,1,78,Caribbean,Sibun River Belize,17.52,-88.23,0.17,microtidal,Riverine estuary,107,Core SR 63,Mangrove to base,Rhizophora mangle grading to saltmarsh,Mangrove to present,5921,not provided,6689.5,6634.5,6717,6607,-110,,,0,,0,0,0,0,5070,not provided,-69,-69,5683,5825,580,,,,473,566,5754,0,3.09,0.54,Caribbean
1,1,79,Caribbean,Sibun River Belize,17.52,-88.23,0.17,microtidal,Riverine estuary,107,Core SR 63,Mangrove to base,Rhizophora mangle,Mangrove to present,5922,not provided,6689.5,6634.5,6717,6607,-110,,,0,,0,0,0,0,580,,-69,-69,473,566,0,,,,0,0,519.5,0,3.6,6.93,Caribbean
0,1,80,Caribbean,"Savannah Cay, Belize",17.93,-88.12,0.17,microtidal,Calcareous,105,BS-30,Coral Reef,Rhizophora mangle,Subtidal sands,6330,70,7324,7170,7424,7030,394,,,2850,70,3063,2874,3163,2794,6330,70,7324,7170,7424,7030,5170,100,6171,5750,6189,5664,7247,5960.5,1.5,1.17,Caribbean
0,1,81,Caribbean,"Mosquito Cay, Belize",17.97,-88.08,0.18,microtidal,Calcareous,105,BS 8,Coral Reef,Rhizophora mangle,Subtidal sands,6330,70,7324,7170,7424,7030,394,,,2850,70,3063,2874,3163,2794,6320,70,7319,7168,7421,7028,4930,90,5853,5588,5904,5477,7243.5,5720.5,1.5,0.98,Caribbean
0,1,82,Caribbean,"Turneffe Atoll, Belize",17.43,-87.83,0.18,microtidal,Calcareous,118,TNF 1,Mangrove at base,Rhizophora mangle,Mangrove to present,5390,30,6274,6186,6285,6027,258,,,0,,0,0,0,0,5390,30,6274,6186,6285,6027,3750,45,4223,3995,4242,3979,6230,4109,1.44,0.68,Caribbean
0,1,83,Caribbean,"Tobacco Range, Belize",16.9,-88.1,0.17,microtidal,Calcareous,104,TR5,coral Reef,Rhizophora mangle,Subtidal sands,6920,100,7914,7667,7939,7594,345,,,5470,100,6400,6133,6447,5997,6920,100,7914,7667,7939,7594,6310,90,7415,7390,7423,7007,7790.5,7402.5,2.7,6.96,Caribbean
1,1,84,Caribbean,"Tobacco Range, Belize",16.9,-88.1,0.17,microtidal,Calcareous,103,TR5,coral Reef,Rhizophora mangle,Subtidal sands,6920,100,7914,7667,7939,7594,345,,,5470,100,6400,6133,6447,5997,6310,90,7421,7260,7423,7007,5470,100,6400,6133,6447,5997,7340.5,6266.5,2.4,2.41,Caribbean
0,1,85,Caribbean,"Tobacco Range, Belize",16.9,-88.1,0.17,microtidal,Calcareous,103,TR2,coral Reef,Rhizophora mangle,Subtidal sands,6850,95,7787,7608,7871,7521,350,,,1710,60,1697,1554,1812,1422,6550,95,7567,7337,7587,7275,5450,75,6382,6126,6401,6009,7452,6254,4.3,3.59,Caribbean
1,1,86,Caribbean,"Tobacco Range, Belize",16.9,-88.1,0.17,microtidal,Calcareous,103,TR2,coral Reef,Rhizophora mangle,Subtidal sands,6850,95,7787,7608,7871,7521,350,,,1710,61,1697,1554,1812,1422,5450,75,6382,6126,6401,6009,1710,60,1697,1554,1822,1422,6254,1625.5,2.9,0.63,Caribbean
0,1,87,Caribbean,"Tobacco Range, Belize",16.9,-88.1,0.17,microtidal,Calcareous,103,TR1,coral Reef,Rhizophora mangle,Mangrove to present,6920,80,7845,7671,7935,7611,324,,,0,,0,0,0,0,6920,80,7845,7671,7935,7611,2670,90,2920,2722,3000,2491,7758,2821,4.4,0.89,Caribbean
1,1,88,Caribbean,"Tobacco Range, Belize",16.9,-88.1,0.17,microtidal,Calcareous,103,TR1,coral Reef,Rhizophora mangle,Mangrove to present,6920,80,7845,7671,7935,7611,324,,,0,,0,0,0,0,2670,90,2920,2722,3000,2491,2090,70,2151,1952,2307,1895,2821,2051.5,2.3,2.99,Caribbean
0,1,89,Caribbean,"Jobos Bay, Puerto Rico",17.95,-66.17,0.18,microtidal,Barrier estuary,102,JEI,Subtidal sands,Rhizophora,Mangrove to present,2850,30,3002,2890,3060,2877,183,,,0,,0,0,0,0,2850,30,3002,2890,3060,2877,1000,30,957,835,967,799,2946,896,2.29,1.12,Caribbean
0,1,90,Caribbean,"Sabana Seca, Puerto Rico",18.37,-66.2,0.44,microtidal,Barrier estuary,102,PCS,Subtidal sands,Rhizophora,Mangrove to present,4670,35,5465,5322,5572,5315,257,,,0,,0,0,0,0,4670,35,5465,5322,5572,5315,3100,106,3446,3172,3560,3006,5393.5,3309,1.85,0.89,Caribbean
0,1,91,Caribbean,"Cienaga Tiburones, Puerto Rico",18.47,-66.67,0.44,microtidal,Barrier estuary,109,Table 1,Mangrove at base,Rhizophora mangle,Mangrove to present,6080,175,7166,6746,7407,6506,901,,,0,,0,0,0,0,6080,175,7166,6746,7407,6506,1190,250,1336,802,1599,663,6956,1069,3.28,0.56,Caribbean
0,1,92,Caribbean,"Maracas Bay, Trinidad ",10.75,-60.42,0.8,microtidal,Barrier estuary,110,Maracas swamp,Mangrove at base,Rhizophora mangle,Freshwater wetland,5880,60,6781,6639,6877,6534,343,,,500 (estimate),,0,0,0,0,5880,60,6781,6639,6877,6534,3960,60,4520,4298,4777,4184,6710,4409,4.6,2,Caribbean
1,1,93,Caribbean,"Maracas Bay, Trinidad",10.75,-60.42,0.8,microtidal,Barrier estuary,110,Maracas swamp,Mangrove at base,Rhizophora mangle,Freshwater wetland,5880,60,6781,6639,6877,6534,343,,,501 (estimate),,0,0,0,0,3960,60,4520,4298,4777,4184,2930,80,3207,2962,3336,2868,4409,3084.5,1.4,1.06,Caribbean
0,1,94,Caribbean,"Nariva Swamps, Trinidad",10.65,-61.05,0.76,microtidal,Barrier estuary,111,N(SHW),Mangrove at base,Rhizophora mangle,Dune vegetation,5260,70,6177,5937,6263,5908,355,,,555,45,632,527,650,513,5260,20,6177,5937,6263,5908,4790,70,5601,5336,5648,5325,6057,5468.5,1.68,2.85,Caribbean
0,1,95,Caribbean,"Nariva Swamps, Trinidad",10.65,-61.05,0.76,microtidal,Barrier estuary,111,N(T),Mangrove at base,Rhizophora mangle,Dune vegetation,4250,70,4875,4630,5028,4572,456,,,555,45,632,527,650,513,4250,70,4875,4630,5028,4572,555,45,632,527,650,513,4752.5,579.5,4.1,0.98,Caribbean
0,1,96,Caribbean,"Graeme Hall Swamp, Barbados",13.07,-59.57,0.6,microtidal,Barrier estuary,112,Graeme Hall,Subtidal sands,Rhizophora mangle,Mangrove to present,1409,40,1340,1293,1380,1279,101,,,0,,0,0,0,0,1409,40,1340,1293,1380,1279,833,75,893,681,914,669,1316.5,787,1.1,2.08,Caribbean
0,1,97,Caribbean,"Punta Galeta, Panama",9.07,-59.57,1.01,microtidal,Barrier estuary,113,Core 2,Subtidal sands,Rhizophora,Mangrove to present,1670,35,1609,1539,1695,1423,272,,,0,,0,0,0,0,1535,35,1519,1379,1524,1353,0,,0,0,0,0,1449,0,1.2,0.83,Caribbean
0,1,98,Caribbean,"Black River, Jamaica",18.03,-77.83,0.27,microtidal,Barrier estuary,97,Black River,Freshwater peat,Rhizophora,Freshwater wetland,6470,70,7437,7314,7506,7262,244,,,2160,50,2299,2120,2306,2062,6470,70,7437,7314,7506,7262,6080,70,7166,6746,7407,6506,7375.5,6956,2,4.77,Caribbean
1,1,99,Caribbean,"Black River, Jamaica",18.03,-77.83,0.27,microtidal,Barrier estuary,97,Black River,Freshwater peat,Rhizophora,Freshwater wetland,6470,70,7437,7314,7506,7262,244,,,2160,50,2299,2120,2306,2062,6080,70,7166,6746,7407,6506,2160,50,2305,2065,2312,2007,6956,2185,3.3,0.69,Caribbean
0,1,100,Caribbean,"Negril, Jamaica",18.3,-78.32,0.27,microtidal,Barrier estuary,97,Negril,Freshwater peat,Rhizophora,Freshwater wetland,6670,70,7437,7314,7506,7262,244,,,2110,50,2146,2005,2304,1949,6670,70,7592,7482,7656,7435,4480,60,5287,5041,5310,4890,7537,5164,6,2.53,Caribbean
1,1,101,Caribbean,"Negril, Jamaica",18.3,-78.32,0.27,microtidal,Barrier estuary,97,Negril,Freshwater peat,Rhizophora,Freshwater wetland,6670,70,7437,7314,7506,7262,244,,,2110,50,2146,2005,2304,1949,4480,60,5287,5041,5310,4890,3190,50,3356,3365,3560,3266,5164,3360.5,2,1.11,Caribbean
1,1,102,Caribbean,"Negril, Jamaica",18.3,-78.32,0.27,microtidal,Barrier estuary,97,Negril,Freshwater peat,Rhizophora,Freshwater wetland,6670,70,7437,7314,7506,7262,244,,,2110,50,2146,2005,2304,1949,3190,50,3356,3365,3560,3266,2110,50,2146,2005,2302,1949,3360.5,2075.5,2,1.56,Caribbean
0,1,103,Caribbean,Bermuda,32.28,-64.8,0.81,microtidal,Calcareous,98,Core 1,Bedrock,Rhizophora mangle,Mangrove to present,4940,100,5873,5589,5913,5474,439,,,0,,0,0,0,0,4870,90,5719,5480,5888,5327,3880,100,4425,4153,4569,3986,5599.5,4289,1,0.76,Pacific
1,1,104,Caribbean,Guadeloupe,16.27,-61.53,0.28,microtidal,Marine embayment,100,Guadeloupe,Mangrove at base,"Rhizophora, Aristichum",Mangrove to present,4700,370,5856,4873,6270,4437,1833,,,0,,0,0,0,0,4260,220,5269,4451,5464,4165,0,0,0,0,0,0,4860,0,2.3,0.47,Pacific
0,1,105,Caribbean,Guadeloupe,16.27,-61.53,0.28,microtidal,Marine embayment,100,Guadeloupe,Mangrove at base,"Rhizophora, Aristichum",Mangrove to present,4700,370,5856,4873,6270,4437,1833,,,0,,0,0,0,0,4700,370,5856,4873,6270,4437,4260,220,5269,4451,5464,4165,5364.5,4860,2.8,5.55,Pacific
0,1,106,Caribbean,Grand Cayman Island,19.32,-81.25,0.25,microtidal,Calcareous,116,Core B4a,Bedrock,Rhizophora mangle,Mangrove to present,2160,25,2299,2120,2312,2007,305,,,0,,0,0,0,0,2160,75,2305,2065,2312,2007,0,,0,0,0,0,2185,0,2.37,1.08,Pacific
0,1,107,Central America,"Rio Hondo, Mexico",18.43,-88.52,0.18,microtidal,Barrier estuary,115,El Palmar,Tropical forest,"Conocarpus, Rhizophora",Mangrove to present,5080,40,5902,5754,5915,5738,177,,,0,,0,0,0,0,5080,40,5802,5754,5915,5738,3870,50,4407,4241,4421,4152,5778,4324,1.4,0.96,Pacific
0,1,108,Central America,"Balandra, Mexico",24.15,-110.33,1.1,microtidal,Marine embayment,99,Balandra,Bedrock,Avicennia,Mangrove to present,1600,40,1541,1416,1566,1394,172,,,0,,0,0,0,0,1600,40,1541,1416,1566,1394,0,0,0,0,0,0,1478.5,0,0.9,0.61,Gulf of Mexico
0,1,109,Central America,"Lagoona Mitla, Mexico",17.07,-100.37,0.58,microtidal,Barrier estuary,95,Mitla 5,Mangrove to near base,Rhizophora mangle,Mangrove to present,6000,40,6892,6788,6943,6743,200,,,0,,0,0,0,0,6000,60,6892,6788,6943,6743,4760,30,5583,5472,5588,5334,6840,5527.5,0.9,0.69,Gulf of Mexico
1,1,110,Central America,"Lagoona Mitla, Mexico",17.07,-100.37,0.58,microtidal,Barrier estuary,95,Mitla 5,Mangrove to near base,Rhizophora mangle,Mangrove to present,6000,40,6892,6788,6943,6743,200,,,0,,0,0,0,0,4760,30,5583,5472,5588,5334,2710,110,2960,2740,3156,2492,5527.5,2850,2.8,1.05,Gulf of Mexico
0,1,111,Central America,"La Encrucijada, Mexico",15.2,-92.88,1.33,microtidal,Barrier estuary,101,CERRITOS02,Mangrove to base (6m),Rhizophora mangle,Upper intertidal mangrove/saltmarsh,5220,40,5996,5924,6176,5909,267,,,0,,0,0,0,0,5220,40,5996,5924,6176,5909,4120,30,4806,4573,4816,4529,5960,4689.5,1.04,0.82,Gulf of Mexico
1,1,112,Central America,"La Encrucijada, Mexico",15.2,-92.88,1.33,microtidal,Barrier estuary,101,CERRITOS03,Mangrove to base (6m),"Rhizophora mangle, L. racemosa",Upper intertidal mangrove/saltmarsh,5520,40,5996,5924,6176,5909,267,,,0,,0,0,0,0,4120,30,4806,4573,4816,4529,2520,30,2732,2511,2744,2492,4689.5,2621.5,1.81,0.88,Gulf of Mexico
0,1,113,North America,"La Mancha Lagoon, Mexico",19.57,-92.38,0.42,microtidal,Barrier estuary,96,MAN15V,Lagoonal muds,"Rhizophora, Avicennia",Mangrove to present,3447,26,3817,3643,3928,3637,291,,,0,,0,0,0,0,3447,26,3817,3643,3928,3637,1290,24,1274,1185,1284,1181,3730,1229.5,1.73,0.69,Gulf of Mexico
0,1,114,North America,"Whitewater Bay, Florida USA ",25.3,-81.03,1.55,microtidal,Marine embayment,108,62-100,Bedrock,Rhizophora mangle,Mangrove to present,3930,265,4813,3994,5214,3633,1581,,,0,,0,0,0,0,3930,265,4813,3994,5214,3633,1926,209,3876,2159,2122,1406,4403.5,3017.5,1,0.72,Gulf of Mexico
0,1,115,North America,"Florida Everglades, USA",25.3,-81.12,1.49,microtidal,Marine embayment,120,SRS 6,Freshwater Marsh,Rhizophora mangle,Mangrove to present,2260,20,2338,2189,2244,2163,81,,,0,,0,0,0,0,2260,20,2338,2189,2244,2163,500,25,534,515,281,506,2263.5,524.5,1,0.58,Gulf of Mexico
0,1,116,North America,"Florida Everglades, USA",25.3,-81.12,1.49,microtidal,Marine embayment,119,SRM 1,Marine Sands,Rhizophora mangle,Mangrove to present,3540,35,3887,3729,3913,3704,209,,,0,,0,0,0,0,3540,35,3887,3729,3913,3704,145,25,273,10,281,4,3808,141.5,3,0.82,Gulf of Mexico
0,1,117,North America,"Broad Creek, Florida Keys, USA",25.42,-80.33,0.75,microtidal,Marine embayment,113,Broad Creek,Coral Reef,Rhizophora,Mangrove to present,4800,100,5642,5331,5733,5314,419,,,0,,0,0,0,0,4800,100,5642,5331,5733,5314,2090,90,2295,1946,2312,1881,5486.5,2120.5,3.9,1.16,Gulf of Mexico
0,1,118,North America,"Sandy Cut, Florida Keys, USA",25.5,-80.18,0.75,microtidal,Marine embayment,113,Sands Cut,Coral Reef,Rhizophora,Mangrove to present,4160,140,4851,4452,5211,4250,961,,,0,,0,0,0,0,4160,140,4851,4452,5211,4250,1740,60,1711,1569,1816,1540,4651.5,1640,2.4,0.8,Atlantic
0,1,119,North America,"Swan Key, Florida USA",25.35,-80.25,0.74,microtidal,Calcareous,102,SBC10,Coral Reef,Rhizophora,Mangrove to present,5370,20,6267,6129,6277,6024,253,,,0,,0,0,0,0,5370,20,6267,6129,6277,6024,4960,25,5716,5655,5739,5613,6198,5685.5,1.82,3.55,Atlantic
1,1,120,North America,"Swan Key, Florida USA",25.35,-80.25,0.74,microtidal,Calcareous,102,SBC10,Coral Reef,Rhizophora,Mangrove to present,5370,20,6267,6129,6277,6024,253,,,0,,0,0,0,0,4960,25,5716,5655,5739,5613,105,20,255,32,262,24,5685.5,143.5,5.35,0.97,Atlantic
0,1,121,North America,"Snipe Key, Florida USA",24.68,-81.65,0.54,microtidal,Calcareous,102,SNK1,Coral Reef,Rhizophora,Mangrove to present,4940,20,5710,5611,5721,5606,115,,,0,,0,0,0,0,4940,25,5710,5611,5721,5606,3500,25,3831,3724,3842,3698,5660.5,3777.5,2.33,1.24,Atlantic
1,1,122,North America,"Snipe Key, Florida USA",24.68,-81.65,0.54,microtidal,Calcareous,102,SNK1,Coral Reef,Rhizophora,Mangrove to present,4940,20,5710,5611,5721,5606,115,,,0,,0,0,0,0,3500,25,3831,3724,3842,3698,410,15,503,485,508,467,3777.5,494,2.11,0.64,Atlantic